DistributionCenterID,RecipientID,amount_of_meals,distance_km
3,4,90,302.2548464543152
6,8,19,0.0
6,9,19,0.0
10,7,12,7.398476846210718
